{
    "name": "panda_simulation-dev",
    "dockerFile": "Dockerfile",
    "extensions": [
        "ms-vscode.cpptools",
        "ms-iot.vscode-ros"
    ],
    "runArgs": [
        "--cap-add=SYS_PTRACE",
        "--security-opt",
        "seccomp=unconfined",
        "-v",
        "${env:HOME}${env:USERPROFILE}/.ssh:/root/.ssh"
    ],
    "settings": {
        "terminal.integrated.shell.linux": "/bin/bash"
    },
    "postCreateCommand": "bash /catkin_ws/src/panda_simulation/scripts/docker-setup.sh",
    "workspaceMount": "src=/Users/pekel/code/ros/panda_simulation,dst=/catkin_ws/src/panda_simulation,type=bind,consistency=cached",
    "workspaceFolder": "/catkin_ws"
}